<?xml version="1.0" encoding="UTF-8"?>
<project-private xmlns="http://www.netbeans.org/ns/project-private/1">
    <editor-bookmarks xmlns="http://www.netbeans.org/ns/editor-bookmarks/2" lastBookmarkId="0"/>
    <open-files xmlns="http://www.netbeans.org/ns/projectui-open-files/2">
        <group>
            <file>file:/A:/TUe/Pre-master/Computer%20Graphics/Assignment/MyFile/RobotRace/src/robotrace/Robot.java</file>
            <file>file:/A:/TUe/Pre-master/Computer%20Graphics/Assignment/MyFile/RobotRace/src/robotrace/Material.java</file>
            <file>file:/A:/TUe/Pre-master/Computer%20Graphics/Assignment/MyFile/RobotRace/src/robotrace/Camera.java</file>
            <file>file:/A:/TUe/Pre-master/Computer%20Graphics/Assignment/MyFile/RobotRace/src/robotrace/RobotRace.java</file>
            <file>file:/A:/TUe/Pre-master/Computer%20Graphics/Assignment/MyFile/RobotRace/src/robotrace/Terrain.java</file>
            <file>file:/A:/TUe/Pre-master/Computer%20Graphics/Assignment/MyFile/RobotRace/src/robotrace/shaderPrograms/Default/fragment.glsl</file>
            <file>file:/A:/TUe/Pre-master/Computer%20Graphics/Assignment/MyFile/RobotRace/src/robotrace/RobotPart.java</file>
        </group>
    </open-files>
</project-private>
